/*DROP SEQUENCES*/
/*
DROP SEQUENCE SQ_ID_USUARIO;
DROP SEQUENCE SQ_ID_TELEFONE_USUARIO; 
DROP SEQUENCE SQ_ID_ENDER_USUARIO; 
DROP SEQUENCE SQ_ID_CORRIDA; 
DROP SEQUENCE SQ_ID_BIKE; 
DROP SEQUENCE SQ_ID_BIKE_ELETRICA; 
DROP SEQUENCE SQ_ID_DESAFIO;
*/

CREATE SEQUENCE SQ_ID_USUARIO INCREMENT BY 1;
CREATE SEQUENCE SQ_ID_TELEFONE_USUARIO INCREMENT BY 1;
CREATE SEQUENCE SQ_ID_ENDER_USUARIO INCREMENT BY 1;
CREATE SEQUENCE SQ_ID_CORRIDA INCREMENT BY 1;
CREATE SEQUENCE SQ_ID_BIKE INCREMENT BY 1;
CREATE SEQUENCE SQ_ID_BIKE_ELETRICA INCREMENT BY 1;
CREATE SEQUENCE SQ_ID_DESAFIO INCREMENT BY 1;

INSERT INTO T_BAZE_USUARIO (ID_USUARIO , NR_RG , NR_CPF , NM_EMAIL , NM_USUARIO , NR_IDADE , NR_PESO , NR_ALTURA , ST_CLIENTE , TP_GENERO , NM_LOGIN, NM_SENHA) VALUES (SQ_ID_USUARIO.NEXTVAL , '43.026.822-1' , '432.180.092-78' , 'franciscaantonellagomes@andrepires.com.br ',  'Francisca Antonella' , '41' , '67' , '166' , 'A' , 'F' , 'FranLLA' , 'D9hULdPB0p');
INSERT INTO T_BAZE_USUARIO (ID_USUARIO , NR_RG , NR_CPF , NM_EMAIL , NM_USUARIO , NR_IDADE , NR_PESO , NR_ALTURA , ST_CLIENTE , TP_GENERO , NM_LOGIN, NM_SENHA) VALUES (SQ_ID_USUARIO.NEXTVAL , '42.914.743-0' , '499.583.605-51' , 'luna_rafaela_rocha@asconnet.com.br' , 'Luna Rafaela' , '20' , '55' , '159' , 'A' , 'F' , 'Lungon' , 'AcKIzlrI0S');
INSERT INTO T_BAZE_USUARIO (ID_USUARIO , NR_RG , NR_CPF , NM_EMAIL , NM_USUARIO , NR_IDADE , NR_PESO , NR_ALTURA , ST_CLIENTE , TP_GENERO , NM_LOGIN, NM_SENHA) VALUES (SQ_ID_USUARIO.NEXTVAL , '19.691.370-6' , '659.178.941-32' , 'sophia_monteiro@parkhotel.com.br' , 'Sophia Rayssa' , '34' , '78' , '173' , 'A' , 'F' , 'sosonsa' , 'P2dQI7hQLi');
INSERT INTO T_BAZE_USUARIO (ID_USUARIO , NR_RG , NR_CPF , NM_EMAIL , NM_USUARIO , NR_IDADE , NR_PESO , NR_ALTURA , ST_CLIENTE , TP_GENERO , NM_LOGIN, NM_SENHA) VALUES (SQ_ID_USUARIO.NEXTVAL , '37.824.149-7' , '696.851.897-06' , 'mariane_camila_carvalho@marithimaconstrutora.com.br' , 'Mariane Camila Carvalho' , '22' , '67' , '156' , 'I' , 'O' , 'marilu' , 'H6A79nLmJz');
INSERT INTO T_BAZE_USUARIO (ID_USUARIO , NR_RG , NR_CPF , NM_EMAIL , NM_USUARIO , NR_IDADE , NR_PESO , NR_ALTURA , ST_CLIENTE , TP_GENERO , NM_LOGIN, NM_SENHA) VALUES (SQ_ID_USUARIO.NEXTVAL , '19.351.141-1' , '334.645.699-42' , 'maria.luciana.rodrigues@way2goidiomas.com.br' , 'Maria Luciana' , '28' , '56' , '178' , 'A' , 'F' , 'mariakun' , 'EbZJ1WMJxA');
INSERT INTO T_BAZE_USUARIO (ID_USUARIO , NR_RG , NR_CPF , NM_EMAIL , NM_USUARIO , NR_IDADE , NR_PESO , NR_ALTURA , ST_CLIENTE , TP_GENERO , NM_LOGIN, NM_SENHA) VALUES (SQ_ID_USUARIO.NEXTVAL , '14.407.548-9' , '283.075.720-37' , 'cesarpietrodamata@softcia.com.br' , 'César Pietro da Mata' , '46' , '100' , '197' , 'A' , 'M' , 'matagal' , 'wm1usjkys7');
INSERT INTO T_BAZE_USUARIO (ID_USUARIO , NR_RG , NR_CPF , NM_EMAIL , NM_USUARIO , NR_IDADE , NR_PESO , NR_ALTURA , ST_CLIENTE , TP_GENERO , NM_LOGIN, NM_SENHA) VALUES (SQ_ID_USUARIO.NEXTVAL , '31.801.355-1' , '788.188.149-66' , 'roberto-dapaz78@megasurgical.com.br' , 'Roberto Vinicius Severino da Paz' , '62' , '56' , '196' , 'A' , 'M' , 'pazzroberto' , 'OSRkXU9UTL');
INSERT INTO T_BAZE_USUARIO (ID_USUARIO , NR_RG , NR_CPF , NM_EMAIL , NM_USUARIO , NR_IDADE , NR_PESO , NR_ALTURA , ST_CLIENTE , TP_GENERO , NM_LOGIN, NM_SENHA) VALUES (SQ_ID_USUARIO.NEXTVAL , '25.451.705-5' , '376.086.420-17' , 'caroline-oliveira88@outlook.com.br' , 'Caroline Agatha Oliveira' , '51' , '64' , '172' , 'I' , 'F' , 'carolgatha' , '1lFMzU79RQ');
INSERT INTO T_BAZE_USUARIO (ID_USUARIO , NR_RG , NR_CPF , NM_EMAIL , NM_USUARIO , NR_IDADE , NR_PESO , NR_ALTURA , ST_CLIENTE , TP_GENERO , NM_LOGIN, NM_SENHA) VALUES (SQ_ID_USUARIO.NEXTVAL , '26.543.390-3' , '688.699.449-21' , 'isabellyisabelladuarte@globomail.com' , 'Isabelly Isabella Duarte' , '49' , '61' , '171' , 'A' , 'O' , 'isaduart' , 'po0U28g6Rc');
INSERT INTO T_BAZE_USUARIO (ID_USUARIO , NR_RG , NR_CPF , NM_EMAIL , NM_USUARIO , NR_IDADE , NR_PESO , NR_ALTURA , ST_CLIENTE , TP_GENERO , NM_LOGIN, NM_SENHA) VALUES (SQ_ID_USUARIO.NEXTVAL , '25.567.718-2' , '411.264.953-36' , 'marianeanaluteixeira@alwan.com.br' , 'Mariane Analu Sophia' , '36' , '89' , '178' , 'I' , 'F' , 'MariSophia' , 'NkukT1AaMF');

INSERT INTO T_BAZE_TELEFONE_USUARIO (ID_USUARIO , ID_TELEFONE_USUARIO , NR_TELEFONE , NR_DDD , NR_DDI) VALUES ('1' , SQ_ID_TELEFONE_USUARIO.NEXTVAL , '99861-8029' , '082' , '055');
INSERT INTO T_BAZE_TELEFONE_USUARIO (ID_USUARIO , ID_TELEFONE_USUARIO , NR_TELEFONE , NR_DDD , NR_DDI) VALUES ('2' , SQ_ID_TELEFONE_USUARIO.NEXTVAL , '99703-2914' , '016' , '055');
INSERT INTO T_BAZE_TELEFONE_USUARIO (ID_USUARIO , ID_TELEFONE_USUARIO , NR_TELEFONE , NR_DDD , NR_DDI) VALUES ('3' , SQ_ID_TELEFONE_USUARIO.NEXTVAL , '99230-2355' , '062' , '055');
INSERT INTO T_BAZE_TELEFONE_USUARIO (ID_USUARIO , ID_TELEFONE_USUARIO , NR_TELEFONE , NR_DDD , NR_DDI) VALUES ('4' , SQ_ID_TELEFONE_USUARIO.NEXTVAL , '99875-4253' , '091' , '055');
INSERT INTO T_BAZE_TELEFONE_USUARIO (ID_USUARIO , ID_TELEFONE_USUARIO , NR_TELEFONE , NR_DDD , NR_DDI) VALUES ('5' , SQ_ID_TELEFONE_USUARIO.NEXTVAL , '98254-5413' , '082' , '055');
INSERT INTO T_BAZE_TELEFONE_USUARIO (ID_USUARIO , ID_TELEFONE_USUARIO , NR_TELEFONE , NR_DDD , NR_DDI) VALUES ('6' , SQ_ID_TELEFONE_USUARIO.NEXTVAL , '99435-7173' , '087' , '055');
INSERT INTO T_BAZE_TELEFONE_USUARIO (ID_USUARIO , ID_TELEFONE_USUARIO , NR_TELEFONE , NR_DDD , NR_DDI) VALUES ('7' , SQ_ID_TELEFONE_USUARIO.NEXTVAL , '98575-7528' , '044' , '055');
INSERT INTO T_BAZE_TELEFONE_USUARIO (ID_USUARIO , ID_TELEFONE_USUARIO , NR_TELEFONE , NR_DDD , NR_DDI) VALUES ('8' , SQ_ID_TELEFONE_USUARIO.NEXTVAL , '98738-6309' , '062' , '055');
INSERT INTO T_BAZE_TELEFONE_USUARIO (ID_USUARIO , ID_TELEFONE_USUARIO , NR_TELEFONE , NR_DDD , NR_DDI) VALUES ('9' , SQ_ID_TELEFONE_USUARIO.NEXTVAL , '99646-4116' , '051' , '055');
INSERT INTO T_BAZE_TELEFONE_USUARIO (ID_USUARIO , ID_TELEFONE_USUARIO , NR_TELEFONE , NR_DDD , NR_DDI) VALUES ('10' , SQ_ID_TELEFONE_USUARIO.NEXTVAL , '98168-0759' , '082' , '055');

INSERT INTO T_BAZE_ENDER_USUARIO (ID_USUARIO , ID_ENDER_USUARIO , NM_LOGRADOURO , NR_LOGRADOURO , NM_CIDADE , NM_BAIRRO , NM_PAIS , NR_CEP , DS_COMPLEMENTO) VALUES ('1' , SQ_ID_ENDER_USUARIO.NEXTVAL , 'Rua Alcina Falcão' , '571' , 'Mossoró' , 'Presidente costa e silva' , 'Brasil' , '59628-384' , 'Ao lado da padaria Santo Antonio');
INSERT INTO T_BAZE_ENDER_USUARIO (ID_USUARIO , ID_ENDER_USUARIO , NM_LOGRADOURO , NR_LOGRADOURO , NM_CIDADE , NM_BAIRRO , NM_PAIS , NR_CEP , DS_COMPLEMENTO) VALUES ('2' , SQ_ID_ENDER_USUARIO.NEXTVAL , 'Viela das Calopsitas' , '859' , 'São Carlos' , 'Jardim Paulista' , 'Brasil' , '13574-515' , '');
INSERT INTO T_BAZE_ENDER_USUARIO (ID_USUARIO , ID_ENDER_USUARIO , NM_LOGRADOURO , NR_LOGRADOURO , NM_CIDADE , NM_BAIRRO , NM_PAIS , NR_CEP , DS_COMPLEMENTO) VALUES ('3' , SQ_ID_ENDER_USUARIO.NEXTVAL , 'Avenida Nero Macedo 400 Loja 142 e144' , '486' , 'Goiânia' , 'Cidade Jardim' , 'Brasil' , '74423-970' , 'Acima da papelaria MARCOS.co');
INSERT INTO T_BAZE_ENDER_USUARIO (ID_USUARIO , ID_ENDER_USUARIO , NM_LOGRADOURO , NR_LOGRADOURO , NM_CIDADE , NM_BAIRRO , NM_PAIS , NR_CEP , DS_COMPLEMENTO) VALUES ('4' , SQ_ID_ENDER_USUARIO.NEXTVAL , 'Alameda Bons Amigos' , '994' , 'Ananindeua' , 'Centro' , 'Brasil' , '67030-135' , '');
INSERT INTO T_BAZE_ENDER_USUARIO (ID_USUARIO , ID_ENDER_USUARIO , NM_LOGRADOURO , NR_LOGRADOURO , NM_CIDADE , NM_BAIRRO , NM_PAIS , NR_CEP , DS_COMPLEMENTO) VALUES ('5' , SQ_ID_ENDER_USUARIO.NEXTVAL , 'Rua Antônio Cândido José da Silva' , '520' , 'Maceió' , 'Clima Bom' , 'Brasil' , '57071-065' , '');
INSERT INTO T_BAZE_ENDER_USUARIO (ID_USUARIO , ID_ENDER_USUARIO , NM_LOGRADOURO , NR_LOGRADOURO , NM_CIDADE , NM_BAIRRO , NM_PAIS , NR_CEP , DS_COMPLEMENTO) VALUES ('6' , SQ_ID_ENDER_USUARIO.NEXTVAL , 'Rua Santa Madalena' , '584' , 'Petrolina' , 'Antônio Cassimiro' , 'Brasil' , '56319-330' , 'Ao lado da PPA');
INSERT INTO T_BAZE_ENDER_USUARIO (ID_USUARIO , ID_ENDER_USUARIO , NM_LOGRADOURO , NR_LOGRADOURO , NM_CIDADE , NM_BAIRRO , NM_PAIS , NR_CEP , DS_COMPLEMENTO) VALUES ('7' , SQ_ID_ENDER_USUARIO.NEXTVAL , 'Rua Mógno' , '451' , 'Campo Mourão' , 'Jardim Shangrilá' , 'Brasil' , '87308-826' , 'Ao lado da papelaria Parizzoto');
INSERT INTO T_BAZE_ENDER_USUARIO (ID_USUARIO , ID_ENDER_USUARIO , NM_LOGRADOURO , NR_LOGRADOURO , NM_CIDADE , NM_BAIRRO , NM_PAIS , NR_CEP , DS_COMPLEMENTO) VALUES ('8' , SQ_ID_ENDER_USUARIO.NEXTVAL , 'Beco Central' , '252' , 'Rio Branco' , 'Ivete Vargas' , 'Brasil' , '69900-253' , '');
INSERT INTO T_BAZE_ENDER_USUARIO (ID_USUARIO , ID_ENDER_USUARIO , NM_LOGRADOURO , NR_LOGRADOURO , NM_CIDADE , NM_BAIRRO , NM_PAIS , NR_CEP , DS_COMPLEMENTO) VALUES ('9' , SQ_ID_ENDER_USUARIO.NEXTVAL , 'Rua Odon Cavalcanti' , '810' , 'Cachoeira do Sul' , 'Marina' , 'Brasil' , '96505-630' , 'Em frente ao Banco do Brasil');
INSERT INTO T_BAZE_ENDER_USUARIO (ID_USUARIO , ID_ENDER_USUARIO , NM_LOGRADOURO , NR_LOGRADOURO , NM_CIDADE , NM_BAIRRO , NM_PAIS , NR_CEP , DS_COMPLEMENTO) VALUES ('10' , SQ_ID_ENDER_USUARIO.NEXTVAL , 'Quadra D' , '269' , 'Maceió' , 'Cidade Universitária' , 'Brasil' , '57072-294' , '');

INSERT INTO T_BAZE_CORRIDA (ID_USUARIO , ID_CORRIDA , NR_KM , NR_TEMPO) VALUES ('1' , SQ_ID_CORRIDA.NEXTVAL , '20,5' , '72');
INSERT INTO T_BAZE_CORRIDA (ID_USUARIO , ID_CORRIDA , NR_KM , NR_TEMPO) VALUES ('2' , SQ_ID_CORRIDA.NEXTVAL , '10,4' , '89');
INSERT INTO T_BAZE_CORRIDA (ID_USUARIO , ID_CORRIDA , NR_KM , NR_TEMPO) VALUES ('3' , SQ_ID_CORRIDA.NEXTVAL , '5,6' , '20');
INSERT INTO T_BAZE_CORRIDA (ID_USUARIO , ID_CORRIDA , NR_KM , NR_TEMPO) VALUES ('4' , SQ_ID_CORRIDA.NEXTVAL , '3,2' , '62');
INSERT INTO T_BAZE_CORRIDA (ID_USUARIO , ID_CORRIDA , NR_KM , NR_TEMPO) VALUES ('5' , SQ_ID_CORRIDA.NEXTVAL , '23,6' , '78');
INSERT INTO T_BAZE_CORRIDA (ID_USUARIO , ID_CORRIDA , NR_KM , NR_TEMPO) VALUES ('6' , SQ_ID_CORRIDA.NEXTVAL , '16,2' , '56');
INSERT INTO T_BAZE_CORRIDA (ID_USUARIO , ID_CORRIDA , NR_KM , NR_TEMPO) VALUES ('7' , SQ_ID_CORRIDA.NEXTVAL , '12,5' , '76');
INSERT INTO T_BAZE_CORRIDA (ID_USUARIO , ID_CORRIDA , NR_KM , NR_TEMPO) VALUES ('8' , SQ_ID_CORRIDA.NEXTVAL , '4,3' , '15');
INSERT INTO T_BAZE_CORRIDA (ID_USUARIO , ID_CORRIDA , NR_KM , NR_TEMPO) VALUES ('9' , SQ_ID_CORRIDA.NEXTVAL , '8,9' , '17');
INSERT INTO T_BAZE_CORRIDA (ID_USUARIO , ID_CORRIDA , NR_KM , NR_TEMPO) VALUES ('10' , SQ_ID_CORRIDA.NEXTVAL , '15,8' , '55');
INSERT INTO T_BAZE_CORRIDA (ID_USUARIO , ID_CORRIDA , NR_KM , NR_TEMPO) VALUES ('1' , SQ_ID_CORRIDA.NEXTVAL , '17,3' , '77');
INSERT INTO T_BAZE_CORRIDA (ID_USUARIO , ID_CORRIDA , NR_KM , NR_TEMPO) VALUES ('1' , SQ_ID_CORRIDA.NEXTVAL , '22,4' , '99');
INSERT INTO T_BAZE_CORRIDA (ID_USUARIO , ID_CORRIDA , NR_KM , NR_TEMPO) VALUES ('2' , SQ_ID_CORRIDA.NEXTVAL , '23,1' , '78');
INSERT INTO T_BAZE_CORRIDA (ID_USUARIO , ID_CORRIDA , NR_KM , NR_TEMPO) VALUES ('3' , SQ_ID_CORRIDA.NEXTVAL , '21,4' , '88');
INSERT INTO T_BAZE_CORRIDA (ID_USUARIO , ID_CORRIDA , NR_KM , NR_TEMPO) VALUES ('4' , SQ_ID_CORRIDA.NEXTVAL , '22,3' , '70');


INSERT INTO T_BAZE_BIKE (ID_USUARIO , ID_BIKE , NR_ARO , NR_QUADRO , NR_PESO , NM_COR , NM_TIPO , NR_MARCHA) VALUES ('1' , SQ_ID_BIKE.NEXTVAL , '26' , '18' , 'L' , 'Vermelha' , 'Mountain' , '21');
INSERT INTO T_BAZE_BIKE (ID_USUARIO , ID_BIKE , NR_ARO , NR_QUADRO , NR_PESO , NM_COR , NM_TIPO , NR_MARCHA) VALUES ('2' , SQ_ID_BIKE.NEXTVAL , '26' , '21' , 'P' , 'Amarela' , 'Passeio' , '24');
INSERT INTO T_BAZE_BIKE (ID_USUARIO , ID_BIKE , NR_ARO , NR_QUADRO , NR_PESO , NM_COR , NM_TIPO , NR_MARCHA) VALUES ('3' , SQ_ID_BIKE.NEXTVAL , '27.5' , '21' , 'P' , 'Verde' , 'Cross' , '30');
INSERT INTO T_BAZE_BIKE (ID_USUARIO , ID_BIKE , NR_ARO , NR_QUADRO , NR_PESO , NM_COR , NM_TIPO , NR_MARCHA) VALUES ('4' , SQ_ID_BIKE.NEXTVAL , '29' , '17' , 'M' , 'Roxa' , 'Passeio' , '21');
INSERT INTO T_BAZE_BIKE (ID_USUARIO , ID_BIKE , NR_ARO , NR_QUADRO , NR_PESO , NM_COR , NM_TIPO , NR_MARCHA) VALUES ('5' , SQ_ID_BIKE.NEXTVAL , '29' , '18' , 'M' , 'Laranja' , 'Speed' , '30');
INSERT INTO T_BAZE_BIKE (ID_USUARIO , ID_BIKE , NR_ARO , NR_QUADRO , NR_PESO , NM_COR , NM_TIPO , NR_MARCHA) VALUES ('6' , SQ_ID_BIKE.NEXTVAL , '26' , '15' , 'ML' , 'Magenta' , 'BMX' , '24');
INSERT INTO T_BAZE_BIKE (ID_USUARIO , ID_BIKE , NR_ARO , NR_QUADRO , NR_PESO , NM_COR , NM_TIPO , NR_MARCHA) VALUES ('7' , SQ_ID_BIKE.NEXTVAL , '26' , '20' , 'MP' , 'Violeta' , 'Passeio' , '21');
INSERT INTO T_BAZE_BIKE (ID_USUARIO , ID_BIKE , NR_ARO , NR_QUADRO , NR_PESO , NM_COR , NM_TIPO , NR_MARCHA) VALUES ('8' , SQ_ID_BIKE.NEXTVAL , '27.5' , '21' , 'P' , 'Azul' , 'Dobrável' , '30');
INSERT INTO T_BAZE_BIKE (ID_USUARIO , ID_BIKE , NR_ARO , NR_QUADRO , NR_PESO , NM_COR , NM_TIPO , NR_MARCHA) VALUES ('9' , SQ_ID_BIKE.NEXTVAL , '26' , '18' , 'L' , 'Rosa' , 'BMX' , '24');
INSERT INTO T_BAZE_BIKE (ID_USUARIO , ID_BIKE , NR_ARO , NR_QUADRO , NR_PESO , NM_COR , NM_TIPO , NR_MARCHA) VALUES ('10' , SQ_ID_BIKE.NEXTVAL , '29' , '21' , 'ML' , 'Preta' , 'Mountain' , '30');
INSERT INTO T_BAZE_BIKE (ID_USUARIO , ID_BIKE , NR_ARO , NR_QUADRO , NR_PESO , NM_COR , NM_TIPO , NR_MARCHA) VALUES ('1' , SQ_ID_BIKE.NEXTVAL , '29' , '21' , 'L' , 'Branca' , 'BMX' , '30');
INSERT INTO T_BAZE_BIKE (ID_USUARIO , ID_BIKE , NR_ARO , NR_QUADRO , NR_PESO , NM_COR , NM_TIPO , NR_MARCHA) VALUES ('2' , SQ_ID_BIKE.NEXTVAL , '26' , '18' , 'P' , 'Verde' , 'Passeio' , '21');
INSERT INTO T_BAZE_BIKE (ID_USUARIO , ID_BIKE , NR_ARO , NR_QUADRO , NR_PESO , NM_COR , NM_TIPO , NR_MARCHA) VALUES ('3' , SQ_ID_BIKE.NEXTVAL , '27.5' , '18' , 'L' , 'Amarela' , 'BMX' , '24');


INSERT INTO T_BAZE_BIKE_ELETRICA (ID_USUARIO , ID_BIKE_ELETRICA , NR_AMPERES_BATERIA , NM_MOTOR , NR_ARO , NR_QUADRO , NM_COR , NR_PESO) VALUES ('1' , SQ_ID_BIKE_ELETRICA.NEXTVAL , '15' , 'HAOX' , '26' , '20' , 'Preta' , 'P');
INSERT INTO T_BAZE_BIKE_ELETRICA (ID_USUARIO , ID_BIKE_ELETRICA , NR_AMPERES_BATERIA , NM_MOTOR , NR_ARO , NR_QUADRO , NM_COR , NR_PESO) VALUES ('2' , SQ_ID_BIKE_ELETRICA.NEXTVAL , '18' , 'MidDrive' , '29' , '18' , 'Vermelha' , 'L');
INSERT INTO T_BAZE_BIKE_ELETRICA (ID_USUARIO , ID_BIKE_ELETRICA , NR_AMPERES_BATERIA , NM_MOTOR , NR_ARO , NR_QUADRO , NM_COR , NR_PESO) VALUES ('3' , SQ_ID_BIKE_ELETRICA.NEXTVAL , '15' , 'TecBike' , '26' , '15' , 'Marrom' , 'MP');
INSERT INTO T_BAZE_BIKE_ELETRICA (ID_USUARIO , ID_BIKE_ELETRICA , NR_AMPERES_BATERIA , NM_MOTOR , NR_ARO , NR_QUADRO , NM_COR , NR_PESO) VALUES ('4' , SQ_ID_BIKE_ELETRICA.NEXTVAL , '18' , 'Samsung' , '29' , '18' , 'Azul' , 'ML');
INSERT INTO T_BAZE_BIKE_ELETRICA (ID_USUARIO , ID_BIKE_ELETRICA , NR_AMPERES_BATERIA , NM_MOTOR , NR_ARO , NR_QUADRO , NM_COR , NR_PESO) VALUES ('5' , SQ_ID_BIKE_ELETRICA.NEXTVAL , '18' , 'Biktrix' , '29' , '21' , 'Violeta' , 'M');
INSERT INTO T_BAZE_BIKE_ELETRICA (ID_USUARIO , ID_BIKE_ELETRICA , NR_AMPERES_BATERIA , NM_MOTOR , NR_ARO , NR_QUADRO , NM_COR , NR_PESO) VALUES ('6' , SQ_ID_BIKE_ELETRICA.NEXTVAL , '18' , 'HAOX' , '29' , '17' , 'Laranja' , 'P');
INSERT INTO T_BAZE_BIKE_ELETRICA (ID_USUARIO , ID_BIKE_ELETRICA , NR_AMPERES_BATERIA , NM_MOTOR , NR_ARO , NR_QUADRO , NM_COR , NR_PESO) VALUES ('7' , SQ_ID_BIKE_ELETRICA.NEXTVAL , '15' , 'TecBike' , '27.5' , '21' , 'Rosa' , 'L');
INSERT INTO T_BAZE_BIKE_ELETRICA (ID_USUARIO , ID_BIKE_ELETRICA , NR_AMPERES_BATERIA , NM_MOTOR , NR_ARO , NR_QUADRO , NM_COR , NR_PESO) VALUES ('8' , SQ_ID_BIKE_ELETRICA.NEXTVAL , '18' , 'Samsung' , '29' , '16' , 'Roxa' , 'P');
INSERT INTO T_BAZE_BIKE_ELETRICA (ID_USUARIO , ID_BIKE_ELETRICA , NR_AMPERES_BATERIA , NM_MOTOR , NR_ARO , NR_QUADRO , NM_COR , NR_PESO) VALUES ('9' , SQ_ID_BIKE_ELETRICA.NEXTVAL , '18' , 'Biktrix' , '26' , '18' , 'Verde' , 'M');
INSERT INTO T_BAZE_BIKE_ELETRICA (ID_USUARIO , ID_BIKE_ELETRICA , NR_AMPERES_BATERIA , NM_MOTOR , NR_ARO , NR_QUADRO , NM_COR , NR_PESO) VALUES ('10' , SQ_ID_BIKE_ELETRICA.NEXTVAL , '15' , 'MidDrive' , '27.5' , '21' , 'Magenta' , 'MP');

INSERT INTO T_BAZE_DESAFIO (ID_DESAFIO , NM_DESAFIO , DS_DESAFIO , TM_TEMPO , DS_RECOMPENSA) VALUES (SQ_ID_DESAFIO.NEXTVAL , 'Meta: Alcance os 20KM' , 'Alcance 20KM de pura pedalada usando o nosso App e receba grandes recompensas. Vai de BAZE!' , '72.00' , '20 de XP , Insígnia 20KM pra mostrar pra geral!');
INSERT INTO T_BAZE_DESAFIO (ID_DESAFIO , NM_DESAFIO , DS_DESAFIO , TM_TEMPO , DS_RECOMPENSA) VALUES (SQ_ID_DESAFIO.NEXTVAL , 'Desafio Ruas de SP' , 'Desfrute as ruas de SP e conheça novas rotas usando o BAZE' , '48.00' , '10XP, Insígnia Paulista de Verdade! pra mostrar pros seus parças!');
INSERT INTO T_BAZE_DESAFIO (ID_DESAFIO , NM_DESAFIO , DS_DESAFIO , TM_TEMPO , DS_RECOMPENSA) VALUES (SQ_ID_DESAFIO.NEXTVAL , 'Ciclismo Noturno - 10KM' , 'Andar de boa nas ruas mais tranquilas? Só a BAZE mesmo! Mostre pra geral que pedalar a noite não é mais um problema!' ,'48.00', '40XP , Insígnia De Noite É Mais Legal!');
INSERT INTO T_BAZE_DESAFIO (ID_DESAFIO , NM_DESAFIO , DS_DESAFIO , TM_TEMPO , DS_RECOMPENSA) VALUES (SQ_ID_DESAFIO.NEXTVAL , 'Aprendiz de um Bicicleteiro' , 'Não é do dia pra noite que você aprende a pilotar. Avisa a galera que tem mais um ciclista na área!! Bem vinde ao time. Grave um vídeo pilotando sua magrela e receba suas recompensas' , '96.00' , '50XP , Medalha Eu Consegui');
INSERT INTO T_BAZE_DESAFIO (ID_DESAFIO , NM_DESAFIO , DS_DESAFIO , TM_TEMPO , DS_RECOMPENSA) VALUES (SQ_ID_DESAFIO.NEXTVAL , 'Musica faz a vida melhor!' , 'Pedalar + Música = MATCH! Use seu app favorito de música e aproveite a viagem.' , '24.00' , 'Medalha DJ ESTEJA CONOSCO');
INSERT INTO T_BAZE_DESAFIO (ID_DESAFIO , NM_DESAFIO , DS_DESAFIO , TM_TEMPO , DS_RECOMPENSA) VALUES (SQ_ID_DESAFIO.NEXTVAL , 'Meta: Alcance os 50KM' , 'Duvido que você passa essa!!' , '96:00' ,  '20XP , Insígnia Nunca Duvide De Mim');
INSERT INTO T_BAZE_DESAFIO (ID_DESAFIO , NM_DESAFIO , DS_DESAFIO , TM_TEMPO , DS_RECOMPENSA) VALUES (SQ_ID_DESAFIO.NEXTVAL , 'Amor a primeira pedalada' , 'Encontre alguém na mesma vibe que você e dê um passeio com elu' , '48.00' ,  '20XP , Medalha Era Friendzone');
INSERT INTO T_BAZE_DESAFIO (ID_DESAFIO , NM_DESAFIO , DS_DESAFIO , TM_TEMPO , DS_RECOMPENSA) VALUES (SQ_ID_DESAFIO.NEXTVAL , 'Welcome to the SAMPA' , 'Faça uma rota que você nunca fez dentro de SP, só tome cuidado para não se perder na selva de concreto! Qualquer coisa da um BAZE!' , '48.00' , 'Medalha Chuva de Novembro');
INSERT INTO T_BAZE_DESAFIO (ID_DESAFIO , NM_DESAFIO , DS_DESAFIO , TM_TEMPO , DS_RECOMPENSA) VALUES (SQ_ID_DESAFIO.NEXTVAL , 'Melhor ser avisado do que ser pego/a de surpresa!' , 'Sinalize duas ou mais vezes. Vamo lá, ajuda a galera!!' , '72.00' , '20XP , Medalha Eu Ajudei !');
INSERT INTO T_BAZE_DESAFIO (ID_DESAFIO , NM_DESAFIO , DS_DESAFIO , TM_TEMPO , DS_RECOMPENSA) VALUES (SQ_ID_DESAFIO.NEXTVAL , 'Piuí Abacaxi' , 'Tire uma foto usando capacete e receba suas recompensas. Só cuidado pra não cair' , '72.00' , '20XP , Insíginia Proteção Sempre !');

INSERT INTO T_BAZE_REGISTRO (ID_USUARIO , ID_DESAFIO , HR_REGISTRO) VALUES ('1' , '1' , '22.14');
INSERT INTO T_BAZE_REGISTRO (ID_USUARIO , ID_DESAFIO , HR_REGISTRO) VALUES ('2' , '1' , '12.30');
INSERT INTO T_BAZE_REGISTRO (ID_USUARIO , ID_DESAFIO , HR_REGISTRO) VALUES ('3' , '2' , '14.16');
INSERT INTO T_BAZE_REGISTRO (ID_USUARIO , ID_DESAFIO , HR_REGISTRO) VALUES ('4' , '2' , '17.56');
INSERT INTO T_BAZE_REGISTRO (ID_USUARIO , ID_DESAFIO , HR_REGISTRO) VALUES ('5' , '3' , '15.45');
INSERT INTO T_BAZE_REGISTRO (ID_USUARIO , ID_DESAFIO , HR_REGISTRO) VALUES ('6' , '3' , '16.24');
INSERT INTO T_BAZE_REGISTRO (ID_USUARIO , ID_DESAFIO , HR_REGISTRO) VALUES ('7' , '4' , '23.14');
INSERT INTO T_BAZE_REGISTRO (ID_USUARIO , ID_DESAFIO , HR_REGISTRO) VALUES ('8' , '4' , '17.45');
INSERT INTO T_BAZE_REGISTRO (ID_USUARIO , ID_DESAFIO , HR_REGISTRO) VALUES ('9' , '5' , '22.17');
INSERT INTO T_BAZE_REGISTRO (ID_USUARIO , ID_DESAFIO , HR_REGISTRO) VALUES ('10' , '5' , '13.13');
INSERT INTO T_BAZE_REGISTRO (ID_USUARIO , ID_DESAFIO , HR_REGISTRO) VALUES ('1' , '6' , '04.48');
INSERT INTO T_BAZE_REGISTRO (ID_USUARIO , ID_DESAFIO , HR_REGISTRO) VALUES ('2' , '6' , '09.34');
INSERT INTO T_BAZE_REGISTRO (ID_USUARIO , ID_DESAFIO , HR_REGISTRO) VALUES ('3' , '7' , '08.19');
INSERT INTO T_BAZE_REGISTRO (ID_USUARIO , ID_DESAFIO , HR_REGISTRO) VALUES ('4' , '7' , '11.10');
INSERT INTO T_BAZE_REGISTRO (ID_USUARIO , ID_DESAFIO , HR_REGISTRO) VALUES ('5' , '8' , '08.40');
INSERT INTO T_BAZE_REGISTRO (ID_USUARIO , ID_DESAFIO , HR_REGISTRO) VALUES ('6' , '8' , '19.34');
INSERT INTO T_BAZE_REGISTRO (ID_USUARIO , ID_DESAFIO , HR_REGISTRO) VALUES ('7' , '9' , '17.48');
INSERT INTO T_BAZE_REGISTRO (ID_USUARIO , ID_DESAFIO , HR_REGISTRO) VALUES ('8' , '9' , '11.56');
INSERT INTO T_BAZE_REGISTRO (ID_USUARIO , ID_DESAFIO , HR_REGISTRO) VALUES ('9' , '10' , '07.11');
INSERT INTO T_BAZE_REGISTRO (ID_USUARIO , ID_DESAFIO , HR_REGISTRO) VALUES ('10' , '10' , '08.07');